code,system
9S43.11,readv2
9S45.00,readv2
9iA3.00,readv2
9S43.00,readv2
9SB6.00,readv2
9S3..00,readv2
9SA4.11,readv2
9i4..00,readv2
9iC..00,readv2
9SA6.11,readv2
9iFA.00,readv2
9SA4.00,readv2
9SA6.00,readv2
9S45.11,readv2
9i1..00,readv2
9SA9.00,readv2
9S11.00,readv2
9i10.00,readv2
9S52.00,readv2
9SB1.00,readv2
9SB2.00,readv2
9SB4.00,readv2
9SB3.00,readv2
9S51.00,readv2
9S4..00,readv2
9SB..00,readv2
9S45.12,readv2
9SA6.12,readv2
9SB5.00,readv2
9i3..00,readv2
9S42.00,readv2
9SA3.00,readv2
9S42.11,readv2
9iA7.00,readv2
9SA3.11,readv2
9iB..00,readv2
9S2..00,readv2
9iFD.00,readv2
9SA4.12,readv2
9S43.13,readv2
9S42.12,readv2
9SA3.12,readv2
9S6..00,readv2
9i7..00,readv2
9SA7.00,readv2
9S48.00,readv2
9i2P.00,readv2
9SAD.00,readv2
9iF..00,readv2
9i2D.00,readv2
9SI..00,readv2
9i2C.00,readv2
9i5..00,readv2
9SA8.00,readv2
9i60.00,readv2
9S47.00,readv2
9SAC.00,readv2
9iD..00,readv2
9iA..00,readv2
9i2..00,readv2
9S43.12,readv2
9iF0.00,readv2
9SC..00,readv2
9SG..00,readv2
9S14.00,readv2
9SH..00,readv2
9SJ..00,readv2
9iFK.00,readv2
9i0..00,readv2
9i6..00,readv2
9S5..00,readv2
9i2R.00,readv2
9iA9.00,readv2
9SA..00,readv2
9i2S.00,readv2
9i2E.00,readv2
9iD1.00,readv2
9i2F.00,readv2
9i22.00,readv2
9i2J.00,readv2
9iFB.00,readv2
9iFJ.00,readv2
9iF9.00,readv2
9iA4.00,readv2
9iA5.00,readv2
9i2H.00,readv2
9iF3.00,readv2
9iA6.00,readv2
9iD0.00,readv2
9iF1.00,readv2
9i2B.00,readv2
9i20.00,readv2
9iFE.00,readv2
9iF2.00,readv2
9i2K.00,readv2
9i8..00,readv2
9S7..00,readv2
9SA5.00,readv2
9S44.00,readv2
9i00.00,readv2
9iD2.00,readv2
9S10.00,readv2
9iA8.00,readv2
9S41.00,readv2
9SA2.00,readv2
9SAA.00,readv2
9i27.00,readv2
9i28.00,readv2
9SAA.12,readv2
9SAA.11,readv2
9SA3.13,readv2
9S42.13,readv2
9SAB.11,readv2
9i29.00,readv2
9i2A.00,readv2
9SAB.12,readv2
9SAB.00,readv2
9i21.00,readv2
9S13.00,readv2
9i64.00,readv2
9i63.00,readv2
9S9..00,readv2
9iE..00,readv2
9i61.00,readv2
9S8..00,readv2
9i9..00,readv2
9i62.00,readv2
9i2T.00,readv2
9S1..00,readv2
9i26.00,readv2
9iFG.00,readv2
9iFH.00,readv2